{
	"format_version": "1.8.0",
	"animations": {
		"animation.solumn.move": {
			"loop": true,
			"animation_length": 1.5,
			"bones": {
				"tentacles_0": {
					"rotation": {
						"0.0": [0, 0, 0],
						"0.5": [30, 0, 0],
						"1.0": [0, 0, 0]
					}
				},
				"tentacles_1": {
					"rotation": {
						"0.0": [0, 0, 0],
						"0.5": [1.31833, -9.88476, -10.14251],
						"1.0": [0, 0, 0]
					}
				},
				"tentacles_3": {
					"rotation": {
						"0.0": [0, 0, 0],
						"0.5": [-12.5, 22.5, 0],
						"1.0": [0, 0, 0]
					}
				},
				"tentacles_4": {
					"rotation": {
						"0.0": [0, 0, 0],
						"0.5": [0, 7.5, 10],
						"1.0": [0, 0, 0]
					}
				},
				"tentacles_5": {
					"rotation": {
						"0.0": [0, 0, 0],
						"0.5": [3.0132, -9.4643, -17.66987],
						"1.0": [0, 0, 0]
					}
				},
				"tentacles_6": {
					"rotation": {
						"0.0": [0, 0, 0],
						"0.5": [0, 30, 0],
						"1.0": [0, 0, 0]
					}
				},
				"tentacles_7": {
					"rotation": {
						"0.0": [0, 0, 0],
						"0.5": [1.83703, -19.84167, -10.47479],
						"1.0": [0, 0, 0]
					}
				},
				"tentacles_8": {
					"rotation": {
						"0.0": [0, 0, 0],
						"0.5": [-14.49534, -45.19292, 8.66236],
						"1.0": [0, 0, 0]
					}
				},
				"tentacle": {
					"rotation": {
						"0.0": [0, 0, 0],
						"0.5": [7.44839, 11.38164, 17.4256],
						"1.0": [-8.77581, 5.69082, 8.7128],
						"1.5": [0, 0, 0]
					}
				},
				"tentacle2": {
					"rotation": {
						"0.0": [0, 0, 0],
						"0.5": [10, 15, 0],
						"1.0": [-2.5, 15, 0],
						"1.5": [0, 0, 0]
					}
				},
				"tentacle3": {
					"rotation": {
						"0.0": [0, 0, 0],
						"0.5": [7.5, 17.5, 0],
						"1.0": [-12.5, 17.5, 0],
						"1.5": [0, 0, 0]
					}
				},
				"tentacle4": {
					"rotation": {
						"0.0": [0, 0, 0],
						"0.5": [-5, 22.5, 0],
						"1.0": [12.5, 22.5, 0],
						"1.5": [0, 0, 0]
					}
				},
				"tentacle5": {
					"rotation": {
						"0.0": [0, 0, 0],
						"0.5": [-7.5, -15, 0],
						"1.0": [7.5, -15, 0],
						"1.5": [0, 0, 0]
					}
				},
				"tentacle6": {
					"rotation": {
						"0.0": [0, 0, 0],
						"0.5": [-7.5, -10, 0],
						"1.0": [5, -10, 0],
						"1.5": [0, 0, 0]
					}
				},
				"tentacle7": {
					"rotation": {
						"0.0": [0, 0, 0],
						"0.5": [-10, -10, 0],
						"1.0": [5, -10, 0],
						"1.5": [0, 0, 0]
					}
				},
				"tentacle8": {
					"rotation": {
						"0.0": [0, 0, 0],
						"0.5": [7.5, -10, 0],
						"1.0": [-2.5, -10, 0],
						"1.5": [0, 0, 0]
					}
				},
				"tip": {
					"rotation": {
						"0.0": [0, 0, 0],
						"0.5": [0, -17.5, 0],
						"1.5": [0, 0, 0]
					},
					"position": {
						"0.0": [0, 0, 0],
						"0.5": [-5, 0, 0],
						"1.5": [0, 0, 0]
					}
				},
				"tip2": {
					"rotation": {
						"0.0": [0, 0, 0],
						"0.5": [0, -17.5, 0],
						"1.5": [0, 0, 0]
					},
					"position": {
						"0.0": [0, 0, 0],
						"0.5": [-5, 0, 0],
						"1.5": [0, 0, 0]
					}
				},
				"tip3": {
					"rotation": {
						"0.0": [0, 0, 0],
						"0.5": [0, -17.5, 0],
						"1.5": [0, 0, 0]
					},
					"position": {
						"0.0": [0, 0, 0],
						"0.5": [-4, 0, 0],
						"1.5": [0, 0, 0]
					}
				},
				"tip4": {
					"rotation": {
						"0.0": [0, 0, 0],
						"0.5": [0, -27.5, 0],
						"1.5": [0, 0, 0]
					},
					"position": {
						"0.0": [0, 0, 0],
						"0.5": [-6.69, 0, -1.9],
						"1.5": [0, 0, 0]
					}
				},
				"tip5": {
					"rotation": {
						"0.0": [0, 0, 0],
						"0.5": [0, -20, 0],
						"1.5": [0, 0, 0]
					},
					"position": {
						"0.0": [0, 0, 0],
						"0.5": [-5, 0, 0],
						"1.5": [0, 0, 0]
					}
				},
				"tip6": {
					"rotation": {
						"0.0": [0, 0, 0],
						"0.5": [0, -20, 0],
						"1.5": [0, 0, 0]
					},
					"position": {
						"0.0": [0, 0, 0],
						"0.5": [-4, 0, 0],
						"1.5": [0, 0, 0]
					}
				},
				"tip7": {
					"rotation": {
						"0.0": [0, 0, 0],
						"0.5": [0, -17.5, 0],
						"1.5": [0, 0, 0]
					},
					"position": {
						"0.0": [0, 0, 0],
						"0.5": [-4, 0, 0],
						"1.5": [0, 0, 0]
					}
				},
				"tip8": {
					"rotation": {
						"0.0": [0, 0, 0],
						"0.5": [0, -17.5, 0],
						"1.5": [0, 0, 0]
					},
					"position": {
						"0.0": [0, 0, 0],
						"0.5": [-4, 0, 0],
						"1.5": [0, 0, 0]
					}
				}
			}
		},
		"animation.solumn.scale": {
			"loop": true,
			"bones": {
				"body": {
					"scale": 30
				}
			}
		}
	}
}